Id,SalePrice
1461,4.898491838964773e+17
1462,4.2833980045828006e+17
1463,4.367520552037241e+17
1464,4.330744210513191e+17
1465,4.681424633893914e+17
1466,4.3595990020889434e+17
1467,4.147615016488477e+17
1468,4.227507354448977e+17
1469,4.191978958003559e+17
1470,4.2321521177202323e+17
1471,4.3497019151082835e+17
1472,3.7223006523221805e+17
1473,3.813893741650833e+17
1474,4.130508483668495e+17
1475,3.746010593016406e+17
1476,5.074229140902219e+17
1477,4.327047922285697e+17
1478,4.5572220835063174e+17
1479,4.749971199334918e+17
1480,5.635494818177543e+17
1481,5.097771915093386e+17
1482,4.223499713510695e+17
1483,4.121485389273043e+17
1484,4.197989916047888e+17
1485,4.2190187824086675e+17
1486,4.339534262060628e+17
1487,5.990334200010159e+17
1488,4.286167821763424e+17
1489,4.301058666751498e+17
1490,5.248547010983286e+17
1491,4.338023839896216e+17
1492,4.1325833739574906e+17
1493,9.367254579174949e+17
1494,1.0165245321600787e+18
1495,4.868559205435918e+17
1496,4.4977453625834906e+17
1497,4.453064011147467e+17
1498,4.2953638521760646e+17
1499,4.5286191146220563e+17
1500,4.317371864512091e+17
1501,4.215089275464202e+17
1502,3.918579142605128e+17
1503,5.5899684615962765e+17
1504,4.8209501190003654e+17
1505,4.639858796397108e+17
1506,4.721994919622455e+17
1507,5.00864927339883e+17
1508,4.938899872124246e+17
1509,4.5266293674840294e+17
1510,4.614688023967694e+17
1511,4.446300570621544e+17
1512,5.045955907377903e+17
1513,5.014325122149234e+17
1514,4.6017679602585824e+17
1515,5.374074025291624e+17
1516,4.7193599430497664e+17
1517,4.066094243297609e+17
1518,4.292047488300448e+17
1519,4.5298425719343066e+17
1520,4.888800531461324e+17
1521,4.150435544503003e+17
1522,5.079655164612086e+17
1523,3.979567375730815e+17
1524,4.0081395988719494e+17
1525,4.4276374482367597e+17
1526,3.8717982175384166e+17
1527,4.0045922974053754e+17
1528,4.887051863137372e+17
1529,5.860629532976269e+17
1530,6.60580839416442e+17
1531,4.588630970951598e+17
1532,4.201395812120392e+17
1533,9.740547018384877e+17
1534,3.9269130598547245e+17
1535,4.880249041042814e+17
1536,4.921012231670995e+17
1537,3.749067450876894e+17
1538,5.3388224656473446e+17
1539,5.281937521366526e+17
1540,4.836887273854265e+17
1541,4.175209255193069e+17
1542,4.3172544410674643e+17
1543,4.7452862343624755e+17
1544,3.7554842386078125e+17
1545,4.2850895938520525e+17
1546,4.077392974708633e+17
1547,5.544461417986054e+17
1548,4.190816378120748e+17
1549,3.8793701277826605e+17
1550,4.2066256921013926e+17
1551,4.3130425975195296e+17
1552,5.356183823609435e+17
1553,4.597239661084638e+17
1554,4.2441168395293677e+17
1555,4.8930069176331046e+17
1556,4.579808716787087e+17
1557,4.683786025376353e+17
1558,3.853540593147172e+17
1559,5.111451178978384e+17
1560,4.691400626759489e+17
1561,4.709922047070482e+17
1562,6.249097990240547e+17
1563,3.8059820162711194e+17
1564,4.317251479030674e+17
1565,6.5186938026839e+17
1566,4.380331186296722e+17
1567,3.65945769065159e+17
1568,4.807911294471379e+17
1569,8.01258085405136e+17
1570,6.379451406749349e+17
1571,5.886472603055973e+17
1572,4.0778578637097626e+17
1573,4.402471160143041e+17
1574,4.407689221773518e+17
1575,5.780331809268326e+17
1576,4.636159625165443e+17
1577,4.115950440773798e+17
1578,4.264821610289536e+17
1579,3.948723106434528e+17
1580,4.3582950351847e+17
1581,7.655772241304197e+17
1582,3.774764336739931e+17
1583,4.886759886283359e+17
1584,4.578825900822658e+17
1585,3.779215334086022e+17
1586,3.844120579934974e+17
1587,4.263923219811813e+17
1588,4.5670375531193306e+17
1589,4.330247578147748e+17
1590,4.0033621767116115e+17
1591,3.773813465825773e+17
1592,4.257176279706768e+17
1593,4.209778709087556e+17
1594,5.230213710368254e+17
1595,4.558726417900515e+17
1596,5.999539213604338e+17
1597,4.634297256752096e+17
1598,4.478065427298113e+17
1599,4.0505978258589843e+17
1600,4.161960812094776e+17
1601,3.5331881937136384e+17
1602,4.626935498473271e+17
1603,4.5838268375392934e+17
1604,5.1222210713470106e+17
1605,4.61926926375213e+17
1606,4.21416074326548e+17
1607,4.69578537210697e+17
1608,4.215293099488754e+17
1609,4.0384363811392966e+17
1610,4.214424577889683e+17
1611,4.12557762696043e+17
1612,4.152240184745122e+17
1613,4.0834041490248966e+17
1614,4.357828092917549e+17
1615,3.8609455801554675e+17
1616,3.775797660246321e+17
1617,3.989476178897785e+17
1618,3.775450839359241e+17
1619,6.789933960139768e+17
1620,4.726845937606528e+17
1621,3.9658620418180717e+17
1622,4.89642697342877e+17
1623,6.941074895683548e+17
1624,5.185552848702323e+17
1625,3.7889716459215846e+17
1626,4.321951598146232e+17
1627,4.35538194702593e+17
1628,4.8183628624690445e+17
1629,4.6844082375262624e+17
1630,5.5955251969791245e+17
1631,4.370634560713986e+17
1632,4.6921317736156435e+17
1633,4.2072281559738515e+17
1634,4.4498828407874426e+17
1635,4.257956340910313e+17
1636,4.012472575879633e+17
1637,5.327798323408332e+17
1638,5.09171789051823e+17
1639,4.648416122934094e+17
1640,5.46586626647906e+17
1641,4.778974237680303e+17
1642,4.5654449023154624e+17
1643,4.6660455750046944e+17
1644,5.885680669772106e+17
1645,6.797915893181916e+17
1646,4.023907993816367e+17
1647,4.05869960981902e+17
1648,4.055169256859025e+17
1649,3.919809228584185e+17
1650,3.797215736162678e+17
1651,3.72861444914703e+17
1652,3.7356425555698694e+17
1653,5.2542819970997005e+17
1654,4.146738194803104e+17
1655,7.22996589174152e+17
1656,4.177256529404354e+17
1657,4.149986243477151e+17
1658,4.096576066483523e+17
1659,3.7967165829734163e+17
1660,4.5013334753730125e+17
1661,5.391985524870028e+17
1662,5.5084834641357005e+17
1663,5.026792868605822e+17
1664,5.61043653246241e+17
1665,4.608350825604112e+17
1666,4.839684285741705e+17
1667,5.64296025548404e+17
1668,4.652734085514686e+17
1669,4.513872241205945e+17
1670,4.693408214734831e+17
1671,5.036619143922379e+17
1672,5.519160801698667e+17
1673,4.78945788173656e+17
1674,4.437809119029021e+17
1675,4.2934686911510483e+17
1676,4.322360733977188e+17
1677,4.2815082185149894e+17
1678,5.853372811285722e+17
1679,5.1158610388169946e+17
1680,4.839122325254771e+17
1681,4.274108572409493e+17
1682,4.973172883761846e+17
1683,4.2158618603028774e+17
1684,4.0339276329673024e+17
1685,4.104169488347466e+17
1686,4.0229475435987085e+17
1687,4.171092017805307e+17
1688,4.2791622997186694e+17
1689,4.2529675017122586e+17
1690,4.34817124836568e+17
1691,4.1591586833937786e+17
1692,4.605569610522643e+17
1693,4.795842869342331e+17
1694,4.3633424973672986e+17
1695,4.2265207514376326e+17
1696,4.802745753418695e+17
1697,4.226520751344154e+17
1698,5.166999084004392e+17
1699,1.2830866598489743e+18
1700,5.403101639240441e+17
1701,5.0963835473295354e+17
1702,4.4965493441664064e+17
1703,4.4611992127223706e+17
1704,4.712291909446928e+17
1705,4.328370280374148e+17
1706,5.847588331535852e+17
1707,4.4393631003934445e+17
1708,4.423777701956146e+17
1709,4.550888324925091e+17
1710,4.536119834643994e+17
1711,4.481664311309879e+17
1712,4.8869130631012186e+17
1713,4.8225854754670714e+17
1714,6.448165603645915e+17
1715,4.3335464525521734e+17
1716,4.397286414323683e+17
1717,3.9282780437175366e+17
1718,4.049431729552475e+17
1719,4.509784120145894e+17
1720,8.424293421459846e+17
1721,4.1362609254540326e+17
1722,3.987916792970976e+17
1723,4.1125368526579706e+17
1724,4.3851933069899226e+17
1725,4.7385178438861677e+17
1726,6.844169095504863e+17
1727,4.2129156923047616e+17
1728,7.290306322308964e+17
1729,4.1629420646012634e+17
1730,4.8314248268749344e+17
1731,8.491296374006784e+17
1732,4.5177736788038944e+17
1733,3.815569971790708e+17
1734,3.895404108379535e+17
1735,3.821949061984068e+17
1736,6.842714598760788e+17
1737,6.445435763291663e+17
1738,5.6190252558171674e+17
1739,5.517568821218783e+17
1740,4.9829435945892224e+17
1741,4.597548063954351e+17
1742,4.219274169174252e+17
1743,4.1966700730465075e+17
1744,6.50292739967575e+17
1745,5.052527057785744e+17
1746,5.526609370574925e+17
1747,5.177283995226932e+17
1748,5.804152787279017e+17
1749,4.973055509124838e+17
1750,4.112270244561656e+17
1751,5.545859066411379e+17
1752,3.786942088944769e+17
1753,4.354698463308882e+17
1754,5.336657108384927e+17
1755,4.2896019393238874e+17
1756,5.377892494346136e+17
1757,3.751704814802055e+17
1758,4.5951912335068883e+17
1759,6.109013671570039e+17
1760,7.198453692771165e+17
1761,4.522404562203278e+17
1762,5.371316285281678e+17
1763,4.5355965536925984e+17
1764,5.2442170720240794e+17
1765,5.388170457720743e+17
1766,5.307185444358138e+17
1767,5.711432081611929e+17
1768,4.027531715072005e+17
1769,4.6943943791852397e+17
1770,3.896172137906537e+17
1771,5.491694134504568e+17
1772,6.664051817044682e+17
1773,8.732520721337861e+17
1774,4.5006968466752064e+17
1775,3.924363442925542e+17
1776,4.9270617290031277e+17
1777,3.736947345828284e+17
1778,3.959958288865632e+17
1779,4.8632648876133446e+17
1780,4.6027557090808294e+17
1781,4.019425227989482e+17
1782,3.847427294416517e+17
1783,4.306074521746888e+17
1784,4.711363273481902e+17
1785,4.206035269862376e+17
1786,1.0241231177673181e+18
1787,4.706948116182641e+17
1788,3.7658395295449536e+17
1789,3.7459011409963456e+17
1790,3.7028996447455386e+17
1791,4.7982611850153043e+17
1792,4.793876807520011e+17
1793,4.695119814428585e+17
1794,3.984035003540021e+17
1795,3.965339057218153e+17
1796,4.660097322809002e+17
1797,4.5859458666136557e+17
1798,3.837840979209385e+17
1799,4.37127903076233e+17
1800,4.84524275566207e+17
1801,4.531671642268965e+17
1802,6.092396764707939e+17
1803,4.5345054005283e+17
1804,3.982612285334611e+17
1805,3.9572581160766054e+17
1806,4.0972215247807136e+17
1807,4.988820740447502e+17
1808,4.247740073694261e+17
1809,4.652821332963847e+17
1810,4.88533629230157e+17
1811,4.908902001540901e+17
1812,4.699128017158317e+17
1813,4.0427648065140864e+17
1814,4.0389094478389715e+17
1815,3.872882919693734e+17
1816,3.9429999787134406e+17
1817,4.597119502504858e+17
1818,5.076195459052717e+17
1819,4.1791783077340506e+17
1820,3.83228867583758e+17
1821,6.409229741727176e+17
1822,4.74454020569565e+17
1823,4.2617051310921056e+17
1824,4.504242106130026e+17
1825,4.7060645964469024e+17
1826,4.334032107181291e+17
1827,3.9917793369706304e+17
1828,4.959641812935569e+17
1829,4.1664579218952794e+17
1830,4.690147236427215e+17
1831,4.808107682333925e+17
1832,4.6671955821976294e+17
1833,5.269496553166698e+17
1834,4.507290391479364e+17
1835,5.048114202632274e+17
1836,4.6511511438063706e+17
1837,4.9200381412903565e+17
1838,6.222619101862257e+17
1839,3.706620293649275e+17
1840,4.137513147174906e+17
1841,4.090058542799041e+17
1842,3.8680380219107066e+17
1843,4.422787695593705e+17
1844,4.192920548952021e+17
1845,5.597073563708975e+17
1846,4.407151896177464e+17
1847,5.36884250393877e+17
1848,4.138255049537177e+17
1849,5.383082323166999e+17
1850,3.900384058924776e+17
1851,4.413980755981654e+17
1852,3.9015853654285e+17
1853,6.22498192949408e+17
1854,5.5048389330982464e+17
1855,6.860243541084415e+17
1856,5.049148629299531e+17
1857,5.139667803533118e+17
1858,5.147649129831866e+17
1859,5.020443888162602e+17
1860,4.2118795505307846e+17
1861,4.9915431848526317e+17
1862,5.050152434890351e+17
1863,5.05015243465245e+17
1864,5.0501524346546976e+17
1865,4.615417308972652e+17
1866,4.782457282251512e+17
1867,4.514663491876311e+17
1868,5.1879130035980224e+17
1869,4.1698053779607123e+17
1870,4.34824228936225e+17
1871,4.4392278295761446e+17
1872,4.073493280068883e+17
1873,4.565139321590205e+17
1874,4.170944226573643e+17
1875,4.500575867073642e+17
1876,4.5743921572072e+17
1877,4.438839116826028e+17
1878,4.961079362102816e+17
1879,3.8169037209739206e+17
1880,4.2123929704753216e+17
1881,4.708062005833604e+17
1882,4.852578459746209e+17
1883,4.331817636898148e+17
1884,4.42858762760522e+17
1885,4.4983237457617696e+17
1886,5.000821080022571e+17
1887,4.6376798988557626e+17
1888,5.189312246349685e+17
1889,4.0579302930316064e+17
1890,4.610449492309167e+17
1891,4.274213242714118e+17
1892,5.022667020903262e+17
1893,5.0650089940411136e+17
1894,4.3498256232256346e+17
1895,4.539524384146301e+17
1896,4.114307023546717e+17
1897,4.2010304704300326e+17
1898,4.143493178991211e+17
1899,4.690706037803243e+17
1900,4.721051468066196e+17
1901,4.677779251291726e+17
1902,4.469076647362464e+17
1903,5.109328116056656e+17
1904,7.549305103185646e+17
1905,9.541728138080739e+17
1906,6.997683110125988e+17
1907,7.693893353830996e+17
1908,3.732342393877296e+17
1909,3.928308283806612e+17
1910,3.861916990131477e+17
1911,5.079685177417375e+17
1912,7.830864522444378e+17
1913,6.456942634521652e+17
1914,3.655759029114811e+17
1915,5.345499754239836e+17
1916,4.121610815260877e+17
1917,6.006539788192567e+17
1918,3.8658791188967354e+17
1919,5.371006577723308e+17
1920,4.2987855154875034e+17
1921,5.1645927823657696e+17
1922,4.699582503334027e+17
1923,5.093528683827932e+17
1924,8.056432168114998e+17
1925,4.788804753781855e+17
1926,4.942130363495124e+17
1927,3.884924884846556e+17
1928,4.360302266824934e+17
1929,4.140093583430171e+17
1930,5.670161952631418e+17
1931,4.490393434308826e+17
1932,3.954568349599729e+17
1933,7.124671529915191e+17
1934,4.3422938209505754e+17
1935,4.2118955865857446e+17
1936,4.46988457640859e+17
1937,4.3934069463091565e+17
1938,4.2855473510878464e+17
1939,4.453861006874407e+17
1940,4.641995675372987e+17
1941,4.270345574741414e+17
1942,4.382239513625273e+17
1943,4.708377908062921e+17
1944,4.832577409954931e+17
1945,4.879356649729575e+17
1946,4.492438311299118e+17
1947,4.6323308185873606e+17
1948,4.6835295083557203e+17
1949,5.0243814586803974e+17
1950,4.118868875842117e+17
1951,5.808796981122533e+17
1952,6.903442733057135e+17
1953,5.101766043653177e+17
1954,4.943133295522962e+17
1955,3.977404752557874e+17
1956,5.792214319649804e+17
1957,4.2172843798163475e+17
1958,5.822719729217669e+17
1959,4.3747757967755654e+17
1960,3.786497418942342e+17
1961,6.920143009217531e+17
1962,3.7624591889151206e+17
1963,3.764611951397301e+17
1964,3.967264917283408e+17
1965,5.6346446972282144e+17
1966,3.9908773076463674e+17
1967,4.636239227976257e+17
1968,8.01756081195026e+17
1969,5.243706350631739e+17
1970,5.6603318504094336e+17
1971,6.205969943736768e+17
1972,5.020427854016344e+17
1973,4.5226567188442726e+17
1974,5.1152493461898714e+17
1975,6.048986213381546e+17
1976,4.478708970538215e+17
1977,5.2209997792920486e+17
1978,5.1480132195511334e+17
1979,4.6698661211985075e+17
1980,4.179641995996479e+17
1981,4.615930840552424e+17
1982,4.280482111529536e+17
1983,4.165331527605036e+17
1984,4.2062383467215206e+17
1985,4.8073474479843066e+17
1986,4.5596515460944864e+17
1987,4.1099396361928403e+17
1988,4.2717767017961485e+17
1989,4.3272698047526554e+17
1990,4.491039143672579e+17
1991,4.280012681372139e+17
1992,4.441088006358282e+17
1993,4.084569628853957e+17
1994,4.843915688686461e+17
1995,4.441614558539793e+17
1996,4.8843484593417235e+17
1997,4.9893160904359443e+17
1998,4.933503453691686e+17
1999,4.624468123798388e+17
2000,4.979185613466009e+17
2001,9.29504641667678e+17
2002,4.48289924913614e+17
2003,4.538304329876256e+17
2004,4.686355604867884e+17
2005,4.31386822230211e+17
2006,4.3762856463301786e+17
2007,4.615754414097082e+17
2008,4.499093003352544e+17
2009,7.270030482855804e+17
2010,4.338243610406743e+17
2011,4.16673735773639e+17
2012,4.0101016457882925e+17
2013,4.3440952290112314e+17
2014,4.5080537768722426e+17
2015,4.422450325488308e+17
2016,4.4114095994169363e+17
2017,4.48532150551063e+17
2018,8.111498489148243e+17
2019,3.801356275312158e+17
2020,3.839777931275973e+17
2021,3.762114225495516e+17
2022,4.9603140622468614e+17
2023,8.715265484075991e+17
2024,6.381855312212332e+17
2025,5.233120830650444e+17
2026,4.2440431287086515e+17
2027,4.294337194996886e+17
2028,4.23343874879571e+17
2029,4.25330393029933e+17
2030,4.6326482978904826e+17
2031,4.3001665851773504e+17
2032,4.412174687308641e+17
2033,4.6763664303954477e+17
2034,4.082801831190682e+17
2035,4.366260718526527e+17
2036,4.244220406114249e+17
2037,4.284891936504521e+17
2038,9.912878288774593e+17
2039,7.643034705594252e+17
2040,5.682753744403172e+17
2041,6.825712128132303e+17
2042,4.554591099559167e+17
2043,4.893369469469961e+17
2044,4.999684094331838e+17
2045,6.588535218334555e+17
2046,4.305882415118251e+17
2047,4.231071046588563e+17
2048,6.173644053932019e+17
2049,4.388496626339032e+17
2050,4.275625780343978e+17
2051,5.024628764384278e+17
2052,4.374346637146089e+17
2053,3.972389010531106e+17
2054,3.71122491678358e+17
2055,4.447194570651781e+17
2056,6.531286402373806e+17
2057,3.962005681579998e+17
2058,5.04604661736574e+17
2059,4.7867049049616486e+17
2060,5.149110181164824e+17
2061,4.484722145353116e+17
2062,3.99538184121703e+17
2063,3.81334784755079e+17
2064,5.0210892695648416e+17
2065,4.577114354866716e+17
2066,4.9374240474659565e+17
2067,5.488727377482963e+17
2068,4.4655164856300243e+17
2069,4.320783084876629e+17
2070,4.111571280008794e+17
2071,3.79231051091342e+17
2072,4.575217705947818e+17
2073,4.1235302152159674e+17
2074,5.243216431458019e+17
2075,4.1584106644496154e+17
2076,3.763912090497843e+17
2077,7.191278224236046e+17
2078,5.5678841353556864e+17
2079,4.035631780621877e+17
2080,3.81697386296631e+17
2081,4.0390384494694554e+17
2082,4.446178766694667e+17
2083,4.350052760143102e+17
2084,3.6644197572350163e+17
2085,3.8972908766483814e+17
2086,4.815482482691103e+17
2087,4.076755248936663e+17
2088,4.079008265209804e+17
2089,3.540423468845329e+17
2090,4.7010361393338643e+17
2091,5.2737322175141126e+17
2092,4.3733069690652883e+17
2093,4.947157562008726e+17
2094,3.941940285899411e+17
2095,4.47136166382244e+17
2096,4.195783169820662e+17
2097,4.258490183165899e+17
2098,4.198298519508254e+17
2099,3.650519732808959e+17
2100,4.858347668515769e+17
2101,4.3340652977991795e+17
2102,4.546707078302906e+17
2103,4.3195300221479155e+17
2104,5.532023422922023e+17
2105,4.4512006970358086e+17
2106,4.246677392335347e+17
2107,5.4774206446248736e+17
2108,3.819340140348552e+17
2109,3.9921336925971885e+17
2110,5.4722374240037165e+17
2111,4.517859955415569e+17
2112,4.4385918523783066e+17
2113,4.0644310444512275e+17
2114,4.2861941633952205e+17
2115,4.3323631693974976e+17
2116,3.89236365746363e+17
2117,4.9507614805894605e+17
2118,4.095487199181563e+17
2119,4.0981036667691034e+17
2120,4.3491836252582803e+17
2121,5.1663083537127597e+17
2122,4.854724293536187e+17
2123,4.175036273173533e+17
2124,5.943985708828895e+17
2125,4.964788416287102e+17
2126,4.9147606950274074e+17
2127,4.9658708283512525e+17
2128,4.582661102627243e+17
2129,3.844949799018832e+17
2130,4.860032398376453e+17
2131,7.389609919684067e+17
2132,4.285920253944682e+17
2133,4.144673571055377e+17
2134,3.9369507299888704e+17
2135,3.7678832496470944e+17
2136,4.6672152702222086e+17
2137,4.320729991290531e+17
2138,4.20808461659211e+17
2139,4.00040237942909e+17
2140,3.90317511396533e+17
2141,4.1936632609138266e+17
2142,4.102943822028401e+17
2143,8.956960693859446e+17
2144,4.528740197249355e+17
2145,3.860338824149612e+17
2146,4.9980092540215085e+17
2147,5.0923536729006445e+17
2148,4.186959668066907e+17
2149,3.844379347172678e+17
2150,4.3101249354874515e+17
2151,3.803484389681712e+17
2152,4.422775505724395e+17
2153,6.01276374447712e+17
2154,3.815265103755547e+17
2155,4.492775060252e+17
2156,5.753047997211986e+17
2157,4.5912960914210406e+17
2158,4.984253270670471e+17
2159,4.8965470002638906e+17
2160,4.008308576932465e+17
2161,4.369325173266124e+17
2162,6.054929440775656e+17
2163,4.674063536479378e+17
2164,4.4782048148237165e+17
2165,8.377910293582546e+17
2166,3.8966831926973146e+17
2167,4.580235618183069e+17
2168,4.576891581148669e+17
2169,4.399076532807619e+17
2170,4.47209347220151e+17
2171,4.967562457317058e+17
2172,3.905810757605198e+17
2173,9.047210848209203e+17
2174,4.783729088846023e+17
2175,4.8978681293171226e+17
2176,4.7366217618350106e+17
2177,4.774287311750103e+17
2178,4.337480491585057e+17
2179,3.774836263901587e+17
2180,5.7048108738007155e+17
2181,4.247434111430411e+17
2182,4.3216386939690515e+17
2183,4.220223663467774e+17
2184,4.4310129989514586e+17
2185,4.189599721531269e+17
2186,4.423770997693573e+17
2187,4.6230760226986874e+17
2188,4.027078640058756e+17
2189,8.891496472130484e+17
2190,4.515280543599386e+17
2191,4.5152805436509395e+17
2192,3.73954972604334e+17
2193,3.756666077771638e+17
2194,4.349444407706525e+17
2195,3.862797279003698e+17
2196,4.369710605598202e+17
2197,4.497566315708768e+17
2198,4.4891977387211514e+17
2199,8.282429055844403e+17
2200,4.5621193471728237e+17
2201,3.9033118730261965e+17
2202,4.285724399526851e+17
2203,4.662722316222792e+17
2204,4.770687133644908e+17
2205,4.3349878740445235e+17
2206,4.837302982491355e+17
2207,5.115811017953691e+17
2208,5.0402439680111155e+17
2209,5.4045379194188397e+17
2210,3.781555091907665e+17
2211,4.317302858277336e+17
2212,3.833498935211155e+17
2213,4.142873599217802e+17
2214,5.209555058200866e+17
2215,4.143826233609989e+17
2216,4.462355329942409e+17
2217,3.962031835129955e+17
2218,4.611060287163551e+17
2219,3.931155989096373e+17
2220,4.0321998453994976e+17
2221,5.344004217279958e+17
2222,5.132448992747806e+17
2223,5.4570062259730554e+17
2224,4.3643957632371565e+17
2225,4.8049588610281466e+17
2226,4.8345623869107514e+17
2227,4.446857914221099e+17
2228,4.451936140231368e+17
2229,4.8242095550165216e+17
2230,4.2040863309407974e+17
2231,4.290312726396544e+17
2232,4.720803735847552e+17
2233,4.451710181059157e+17
2234,4.528764091176927e+17
2235,4.643126549602876e+17
2236,5.0963669454623917e+17
2237,5.418050988569291e+17
2238,4.265414261020337e+17
2239,3.998616180592079e+17
2240,4.3627017866016723e+17
2241,6.15382671446087e+17
2242,4.175788268659102e+17
2243,4.3768834921129254e+17
2244,4.0115594938844294e+17
2245,4.553928350980156e+17
2246,4.06570742373585e+17
2247,3.824539138592712e+17
2248,3.7311119505361306e+17
2249,3.767340984184858e+17
2250,3.816832194542517e+17
2251,4.581300061204906e+17
2252,4.493342587663908e+17
2253,4.180868829214774e+17
2254,4.660939525172351e+17
2255,4.476432424710033e+17
2256,4.2432972182759136e+17
2257,4.6701114098584045e+17
2258,4.0127084761550394e+17
2259,4.378895879780342e+17
2260,4.810653375694222e+17
2261,4.63642816881044e+17
2262,4.7227896934145824e+17
2263,4.998682004400546e+17
2264,6.122193650924041e+17
2265,4.454837579611211e+17
2266,4.790497612694412e+17
2267,5.204978908724049e+17
2268,5.584165161039008e+17
2269,4.586813989514972e+17
2270,4.257209859130854e+17
2271,4.590858176756365e+17
2272,4.8193768751333664e+17
2273,4.30659451163303e+17
2274,4.590690578844408e+17
2275,5.14829485968477e+17
2276,7.445757887302396e+17
2277,5.511164589751359e+17
2278,4.474392891341726e+17
2279,6.983197431626761e+17
2280,3.775966250093881e+17
2281,4.2326046720261606e+17
2282,4.3279404201439e+17
2283,3.811580382412064e+17
2284,3.938485821179423e+17
2285,4.038839195322455e+17
2286,3.894030991661876e+17
2287,4.717363672438091e+17
2288,4.6228356200290445e+17
2289,5.255639529944117e+17
2290,5.319194751676932e+17
2291,4.891287980335621e+17
2292,5.532979268967966e+17
2293,5.367274602035223e+17
2294,5.154841652560988e+17
2295,5.1311646457388826e+17
2296,5.479980402708385e+17
2297,4.8410868770136224e+17
2298,4.694020827840011e+17
2299,5.2597157611371846e+17
2300,5.305310935913516e+17
2301,4.621258274451137e+17
2302,4.5496857943475834e+17
2303,4.463556155009364e+17
2304,4.461247765518218e+17
2305,4.283262918864887e+17
2306,4.3059846415841094e+17
2307,4.266001825518409e+17
2308,4.4226852836377165e+17
2309,4.477360401903995e+17
2310,4.15640974341161e+17
2311,4.35268275226964e+17
2312,4.062936426057474e+17
2313,4.175738236058789e+17
2314,4.085642588180798e+17
2315,4.126259710159262e+17
2316,4.282526475911758e+17
2317,4.247054042055328e+17
2318,4.1391062618961504e+17
2319,4.087020079599485e+17
2320,4.0169588196966515e+17
2321,4.5686856672670214e+17
2322,4.054630334187941e+17
2323,4.2099119698006925e+17
2324,4.195966861366843e+17
2325,4.2753822900709203e+17
2326,4.1873466124174234e+17
2327,4.466339059851609e+17
2328,4.582938235457629e+17
2329,4.4169900452709286e+17
2330,4.2983591576308966e+17
2331,5.208816357129223e+17
2332,5.635255171329068e+17
2333,5.1477864121141005e+17
2334,4.781323146699121e+17
2335,5.178626650044418e+17
2336,5.198278977078264e+17
2337,4.5742743552564646e+17
2338,4.6665351642412954e+17
2339,4.3492130610224064e+17
2340,4.920608866346036e+17
2341,4.762659399986887e+17
2342,4.437212977403312e+17
2343,4.406732295995909e+17
2344,4.521607010721074e+17
2345,4.463234785310127e+17
2346,4.40835285823357e+17
2347,4.563365608382508e+17
2348,4.5416337419859494e+17
2349,4.110368467467817e+17
2350,4.7348863670527443e+17
2351,4.8759598639377805e+17
2352,4.501100818260953e+17
2353,5.012293272254009e+17
2354,4.2010316395602624e+17
2355,4.046605459737533e+17
2356,3.9794217889152326e+17
2357,4.28127218857808e+17
2358,4.5832825092424525e+17
2359,3.8946908357867264e+17
2360,5.574165885473068e+17
2361,3.9484893557161043e+17
2362,5.662816847658206e+17
2363,4.051783418208328e+17
2364,3.987473336831231e+17
2365,4.35763754285027e+17
2366,4.08043284189331e+17
2367,4.575227523651699e+17
2368,4.7805343449168435e+17
2369,4.4845885326418477e+17
2370,4.149790519495932e+17
2371,4.248937675802636e+17
2372,4.50741704329456e+17
2373,5.2398281146527546e+17
2374,5.322102167293993e+17
2375,1.0394516083256703e+18
2376,5.359841076509004e+17
2377,9.589369400057988e+17
2378,4.3435889614253325e+17
2379,5.5218521800403936e+17
2380,4.0600963383378336e+17
2381,5.2036169120431654e+17
2382,5.336196010869051e+17
2383,4.467319865810411e+17
2384,4.765008973843337e+17
2385,3.989188767932581e+17
2386,5.623342628634262e+17
2387,4.383839465274427e+17
2388,4.608462954759698e+17
2389,5.26033024843767e+17
2390,5.0355415706999174e+17
2391,3.8701049377898234e+17
2392,3.7169391309653e+17
2393,4.0697574039067066e+17
2394,3.905732378402992e+17
2395,5.006047269695193e+17
2396,7.370128448593732e+17
2397,5.136022902028669e+17
2398,5.7615664847290694e+17
2399,3.69716699731713e+17
2400,3.59946374560508e+17
2401,5.782997145173006e+17
2402,4.521593231274538e+17
2403,4.2522829662318746e+17
2404,4.4550127070856806e+17
2405,4.598866654336719e+17
2406,4.8194872294352576e+17
2407,3.9351934343121824e+17
2408,4.203335221348728e+17
2409,3.9174600043147104e+17
2410,5.395087283991136e+17
2411,3.8910660606449184e+17
2412,4.537232638795915e+17
2413,4.016387876302725e+17
2414,4.1306604798107795e+17
2415,4.2522693682857184e+17
2416,3.934104509288596e+17
2417,8.845459502239108e+17
2418,7.374948104712447e+17
2419,4.0839127781198637e+17
2420,3.853973995814763e+17
2421,6.533974651200938e+17
2422,4.538685814655868e+17
2423,4.173243541277418e+17
2424,6.418343758380957e+17
2425,7.190490042458141e+17
2426,4.277411097505177e+17
2427,4.350461233896756e+17
2428,7.518005042177996e+17
2429,3.7236677739227885e+17
2430,3.897116996532315e+17
2431,4.6443677804637677e+17
2432,3.9147069441057216e+17
2433,4.6822273946285626e+17
2434,4.100376880331757e+17
2435,5.063661991418509e+17
2436,4.215020513755656e+17
2437,6.021226704512077e+17
2438,4.516659681286485e+17
2439,4.139678621510598e+17
2440,4.479484849789757e+17
2441,4.268209033037676e+17
2442,3.8458383495477734e+17
2443,3.994859939581669e+17
2444,4.033859892839872e+17
2445,6.560442335329568e+17
2446,4.7942757713873696e+17
2447,4.3534372054162605e+17
2448,5.401409177302164e+17
2449,4.279909873136153e+17
2450,4.508793055926346e+17
2451,4.079829209118334e+17
2452,5.755303862358827e+17
2453,4.2710051403219424e+17
2454,4.909466173344164e+17
2455,5.726847213614978e+17
2456,4.2548525926322426e+17
2457,4.4794918713358394e+17
2458,3.912152570044431e+17
2459,4.0764090953360365e+17
2460,4.261794549001922e+17
2461,4.103351549514365e+17
2462,4.348775596804375e+17
2463,4.0800759013624966e+17
2464,4.95057885055595e+17
2465,4.49168091862017e+17
2466,4.0948246740820883e+17
2467,4.187853681107965e+17
2468,4.336938361227942e+17
2469,4.1348869676170874e+17
2470,5.385821472930352e+17
2471,7.141950750137857e+17
2472,5.0615239947416474e+17
2473,4.739521293739385e+17
2474,5.327172631706274e+17
2475,4.800241481071531e+17
2476,4.2600590323697606e+17
2477,4.379751465939764e+17
2478,4.528678320189139e+17
2479,4.6314165032875296e+17
2480,7.628766723116603e+17
2481,8.062661194732783e+17
2482,3.8521530866266726e+17
2483,5.260532385990762e+17
2484,6.541732652989462e+17
2485,6.038904996083395e+17
2486,6.958337195351704e+17
2487,6.750355435115304e+17
2488,4.4127966752048755e+17
2489,5.070530357349017e+17
2490,8.548593427337254e+17
2491,4.6887265447021005e+17
2492,9.766146387568264e+17
2493,4.672013454667121e+17
2494,4.824282510311649e+17
2495,4.383366645092083e+17
2496,6.141287167168172e+17
2497,4.251017823386167e+17
2498,3.7569570604611117e+17
2499,4.40013400097559e+17
2500,8.069214714628905e+17
2501,4.154729192962678e+17
2502,4.445022613304007e+17
2503,4.038925448380402e+17
2504,7.515374235252061e+17
2505,4.8104969455197114e+17
2506,4.4802573503756774e+17
2507,4.7942600425137485e+17
2508,4.4802573504397024e+17
2509,4.3427902069385946e+17
2510,4.3048658102427245e+17
2511,4.2448077912407264e+17
2512,4.526265077118182e+17
2513,6.633457369377164e+17
2514,9.594446404022025e+17
2515,3.897072672667276e+17
2516,4.132137537960483e+17
2517,3.8533075829726483e+17
2518,3.957660460836596e+17
2519,4.670205690554086e+17
2520,4.498975139387082e+17
2521,4.436952100990319e+17
2522,4.6579980177001184e+17
2523,3.824147009820296e+17
2524,3.897778708263167e+17
2525,3.922041674674063e+17
2526,3.909378400944391e+17
2527,5.935042738764407e+17
2528,6.206050222438218e+17
2529,3.7867274777329485e+17
2530,4.0050822013092736e+17
2531,5.142888864466595e+17
2532,4.751120467627174e+17
2533,4.3701537641249254e+17
2534,6.869486036983306e+17
2535,5.235477599868012e+17
2536,4.812623361203048e+17
2537,4.4018395891820186e+17
2538,4.1268550277681984e+17
2539,4.162341081434528e+17
2540,4.1218096664358234e+17
2541,4.1243328639173645e+17
2542,4.1798956895671654e+17
2543,3.8815546891395936e+17
2544,8.291544495915128e+17
2545,4.973976159875488e+17
2546,3.9460864478929946e+17
2547,3.9518322604263085e+17
2548,5.1385317880968614e+17
2549,4.28643848575548e+17
2550,8.77968000260171e+17
2551,4.297402144264899e+17
2552,8.224979803224682e+17
2553,4.51352648321411e+17
2554,3.959462858304563e+17
2555,5.4143118914003814e+17
2556,4.220287134454937e+17
2557,3.7881664694014e+17
2558,7.268379000573649e+17
2559,4.425161195487817e+17
2560,4.464313983387018e+17
2561,3.8337848860280237e+17
2562,4.1763753222664915e+17
2563,4.337362478812375e+17
2564,4.834104345591792e+17
2565,5.656211416916497e+17
2566,4.5807044682281325e+17
2567,4.4840411399023277e+17
2568,1.1418217764526067e+18
2569,4.8925417830981805e+17
2570,3.7921495480292486e+17
2571,4.347780507197577e+17
2572,3.908908496448623e+17
2573,4.7636933379914003e+17
2574,7.047530047780429e+17
2575,4.0131304387067386e+17
2576,4.9183135933636525e+17
2577,4.988731770346326e+17
2578,3.913840680391785e+17
2579,4.80584416813635e+17
2580,4.813569809571186e+17
2581,5.032937877209691e+17
2582,4.4737781502466797e+17
2583,4.9988996882623526e+17
2584,4.935452902604686e+17
2585,4.2878176629971936e+17
2586,5.084925844893406e+17
2587,4.4240661296891117e+17
2588,6.773253235381696e+17
2589,3.981265175743128e+17
2590,4.3385235823035744e+17
2591,6.098994445157638e+17
2592,4.447664107850252e+17
2593,4.3464983871432896e+17
2594,4.433412552214834e+17
2595,4.177758973557969e+17
2596,4.8789348437302566e+17
2597,4.279143779622795e+17
2598,4.93548358481614e+17
2599,4.865143551947219e+17
2600,6.29264267841091e+17
2601,8.587961695912705e+17
2602,3.8062587168064186e+17
2603,4.004208695091323e+17
2604,3.974085149373609e+17
2605,3.77133474874616e+17
2606,4.135118829948492e+17
2607,4.307993522966683e+17
2608,4.9743414454471405e+17
2609,5.104461464514963e+17
2610,3.749865609068214e+17
2611,4.598732667909206e+17
2612,4.5020928298249216e+17
2613,3.738157769666582e+17
2614,3.7958342406107034e+17
2615,6.982826088331332e+17
2616,4.7530187610588096e+17
2617,4.6886991597818624e+17
2618,4.549720831268627e+17
2619,4.8263948353066074e+17
2620,4.353997551373351e+17
2621,4.3668279473155494e+17
2622,4.5133866086518816e+17
2623,4.745576068123657e+17
2624,5.1108783200213504e+17
2625,5.0770576020050963e+17
2626,4.5217878569880115e+17
2627,4.136952474222286e+17
2628,5.2468364924042874e+17
2629,5.4454637325093056e+17
2630,4.8467723287706816e+17
2631,5.172329712855212e+17
2632,5.214118575277363e+17
2633,4.670922970409321e+17
2634,5.446434797254143e+17
2635,4.111547584515487e+17
2636,4.5614402242167706e+17
2637,4.1350593380417395e+17
2638,5.2855879131896064e+17
2639,4.7216273839875136e+17
2640,4.185615045004902e+17
2641,6.952738323630615e+17
2642,4.3951113497565274e+17
2643,3.766897005061019e+17
2644,4.118733588749739e+17
2645,3.762136460721885e+17
2646,3.709126437087296e+17
2647,3.819785667071005e+17
2648,5.560398407372445e+17
2649,5.604555445385268e+17
2650,6.507115480701216e+17
2651,4.128575922249645e+17
2652,5.1063961571833754e+17
2653,4.298636041209074e+17
2654,4.506181930946003e+17
2655,5.294893104177498e+17
2656,4.798538908644724e+17
2657,4.9757143562873914e+17
2658,4.9403256477968224e+17
2659,4.811705216132115e+17
2660,4.9496279509511584e+17
2661,4.725182097611436e+17
2662,4.780625945789015e+17
2663,4.8821519684652416e+17
2664,4.45643421209308e+17
2665,4.7301344542534176e+17
2666,4.5716493310639514e+17
2667,4.085014791367e+17
2668,4.1281211630801574e+17
2669,4.0633524313453696e+17
2670,4.7594899236395366e+17
2671,4.1281211630109434e+17
2672,4.2694366015592083e+17
2673,4.50060976449483e+17
2674,4.5302840689397235e+17
2675,3.91850477246624e+17
2676,4.251306342215375e+17
2677,4.46179611015486e+17
2678,4.756377089740159e+17
2679,4.615952630516682e+17
2680,4.807510507422227e+17
2681,5.33356939402267e+17
2682,5.856201548943329e+17
2683,1.3757492580466652e+18
2684,5.937131741055937e+17
2685,1.0943803151601606e+18
2686,4.5862210339904986e+17
2687,5.659922051859887e+17
2688,4.207154104449708e+17
2689,4.1694329767219354e+17
2690,5.879710707822482e+17
2691,4.336443023040919e+17
2692,4.0354344471272403e+17
2693,4.251763047769465e+17
2694,3.997578749790397e+17
2695,4.4371357062045357e+17
2696,4.3319295929047194e+17
2697,4.688120681739931e+17
2698,5.1812050804282854e+17
2699,4.35515891157268e+17
2700,4.1640517264963315e+17
2701,4.059736781779923e+17
2702,3.797125462315588e+17
2703,4.914092363361605e+17
2704,4.2320496669111066e+17
2705,3.864373231976223e+17
2706,5.538945538269118e+17
2707,3.93962388581552e+17
2708,3.9190096824397254e+17
2709,3.819056401554884e+17
2710,3.859263200170911e+17
2711,8.214386048550138e+17
2712,6.258181043181363e+17
2713,4.363034151926373e+17
2714,4.5227679975752186e+17
2715,4.2079504503095885e+17
2716,3.878791504989369e+17
2717,5.558150024543677e+17
2718,4.880159468362267e+17
2719,4.468956535053697e+17
2720,5.415270294396853e+17
2721,3.9476723340892666e+17
2722,7.747338580560826e+17
2723,3.888180857423968e+17
2724,3.8562288788660365e+17
2725,4.158980488085371e+17
2726,6.28428391369235e+17
2727,6.521877190418209e+17
2728,8.530662645838117e+17
2729,4.789321806343573e+17
2730,4.088206463522342e+17
2731,3.842324531731562e+17
2732,4.000883056127951e+17
2733,4.922804771437106e+17
2734,5.368724525953794e+17
2735,4.194847953027365e+17
2736,4.554232370097104e+17
2737,4.248759665061788e+17
2738,4.2700010171413056e+17
2739,4.290939949709268e+17
2740,3.8074276986448486e+17
2741,4.4142749001602694e+17
2742,4.20930284324896e+17
2743,6.172483151154487e+17
2744,5.421791232544627e+17
2745,3.9563973412472186e+17
2746,4.259237417485785e+17
2747,4.95802059562569e+17
2748,4.3861415873531974e+17
2749,4.71178016852665e+17
2750,8.640033453980814e+17
2751,4.3799096370654554e+17
2752,5.447933217966289e+17
2753,5.762605993370188e+17
2754,5.135977452220714e+17
2755,4.097874483148533e+17
2756,4.179443321835648e+17
2757,4.100131746685438e+17
2758,3.7123113493601786e+17
2759,4.850023789630547e+17
2760,4.4714861859122074e+17
2761,4.207257328885124e+17
2762,4.662519016674699e+17
2763,5.434089970451814e+17
2764,5.754904125033083e+17
2765,5.4243545537732166e+17
2766,4.6183572255255104e+17
2767,4.364733210813192e+17
2768,4.247482758441356e+17
2769,4.5013008466745504e+17
2770,3.9509723837423936e+17
2771,3.7575296287344634e+17
2772,4.140737413849032e+17
2773,5.1906234052518374e+17
2774,4.676580729487706e+17
2775,4.268474276640474e+17
2776,4.235627152312164e+17
2777,4.360549985491177e+17
2778,3.892270380077955e+17
2779,4.5621493871048774e+17
2780,4.525942248275117e+17
2781,4.197045084075504e+17
2782,4.1735185956944294e+17
2783,4.899130852467407e+17
2784,3.8495003343980845e+17
2785,4.911246586069262e+17
2786,3.661711358152766e+17
2787,3.992585450260825e+17
2788,3.692429022777109e+17
2789,5.554871277371698e+17
2790,4.8765541809395514e+17
2791,3.7684247586764045e+17
2792,4.098966397161699e+17
2793,4.5933963693747846e+17
2794,3.951793213143923e+17
2795,4.0972746304474925e+17
2796,3.9555655381222906e+17
2797,4.834687109958412e+17
2798,4.765747977002316e+17
2799,4.3654376735009197e+17
2800,3.762145048756451e+17
2801,4.2788305937490336e+17
2802,4.261220174164929e+17
2803,4.961496506043932e+17
2804,5.760758705209474e+17
2805,4.681065592279822e+17
2806,3.980943626073964e+17
2807,6.165426597016908e+17
2808,4.073239896806533e+17
2809,3.82377828112405e+17
2810,4.1617949010124826e+17
2811,9.480004733912205e+17
2812,4.5100579721337056e+17
2813,4.577172308667658e+17
2814,4.629653116868177e+17
2815,4.01103393466185e+17
2816,9.608181841259519e+17
2817,8.664327443742865e+17
2818,4.569885362705553e+17
2819,5.7359930941175245e+17
2820,4.3880315320727264e+17
2821,3.8854959084888864e+17
2822,5.446061714672495e+17
2823,5.927807782134469e+17
2824,1.1298245677297892e+18
2825,6.506768365592138e+17
2826,3.8473793976176096e+17
2827,4.286189235030297e+17
2828,6.180353578903333e+17
2829,9.91035778188677e+17
2830,4.4904643517096275e+17
2831,4.1592239304462355e+17
2832,4.779951822754038e+17
2833,4.6304901397155386e+17
2834,4.412740635430478e+17
2835,4.4077970601214016e+17
2836,4.230818639722767e+17
2837,4.36830272301575e+17
2838,3.881282786074379e+17
2839,4.287869331774926e+17
2840,4.565717403819833e+17
2841,4.5079641535914445e+17
2842,4.6445762479507206e+17
2843,4.1387023088688115e+17
2844,6.35219122129897e+17
2845,3.7518959792583034e+17
2846,4.4610018664340454e+17
2847,4.493495476682404e+17
2848,4.604769339983725e+17
2849,4.5860395318813357e+17
2850,4.8778726585766195e+17
2851,4.5682690094928096e+17
2852,4.706005522777385e+17
2853,4.904804829435307e+17
2854,3.779467805283925e+17
2855,4.413941083700177e+17
2856,4.469967025938143e+17
2857,4.2189447642242355e+17
2858,4.311642968577338e+17
2859,5.853338377573592e+17
2860,3.9678952571522406e+17
2861,4.601775054955473e+17
2862,4.346359486232432e+17
2863,5.353089061674254e+17
2864,5.2843628798760026e+17
2865,4.307119636224859e+17
2866,4.323082703621538e+17
2867,3.688918168973689e+17
2868,4.5482768602606906e+17
2869,4.378325426664969e+17
2870,4.6249870412401683e+17
2871,6.246934188989594e+17
2872,3.666543564730472e+17
2873,4.2017679098539546e+17
2874,4.279045060486679e+17
2875,4.1011622734500397e+17
2876,4.316940702058288e+17
2877,4.5509525044502234e+17
2878,4.7284340291933594e+17
2879,4.468010405090944e+17
2880,3.995887805400265e+17
2881,5.348089113409765e+17
2882,4.79040112000673e+17
2883,4.359847814112731e+17
2884,4.634164617938864e+17
2885,4.729346894382446e+17
2886,5.3804359185301344e+17
2887,3.824781325176545e+17
2888,4.358290091288032e+17
2889,3.962292721998811e+17
2890,3.7009539014676954e+17
2891,4.2343124471506765e+17
2892,4.01715626466657e+17
2893,4.259486403097836e+17
2894,3.863427456554556e+17
2895,5.3219551718972294e+17
2896,5.142701417650554e+17
2897,4.477377873116049e+17
2898,4.33465535639021e+17
2899,4.430445967152477e+17
2900,4.093536988212045e+17
2901,4.86113862485138e+17
2902,5.306410719494887e+17
2903,4.968746104524627e+17
2904,5.2040382851936794e+17
2905,5.4636122108968774e+17
2906,4.425635092637574e+17
2907,4.093289849154501e+17
2908,4.0473093583845146e+17
2909,4.345217233189394e+17
2910,3.576701149731894e+17
2911,3.8047631798449786e+17
2912,6.038161894333023e+17
2913,3.826381576582402e+17
2914,3.849275646714267e+17
2915,3.7698155124079635e+17
2916,3.860857737189969e+17
2917,4.151016214659516e+17
2918,3.9287439488515725e+17
2919,4.630332805353199e+17
